neighborhood,borough
Astoria,Queens
Battery Park/Tribeca,Manhattan
Bay Ridge,Brooklyn
Bayside,Queens
Bedford Park,Bronx
Bedford Stuyvesant,Brooklyn
Bensonhurst,Brooklyn
Borough Park,Brooklyn
Bronx,Bronx
Brooklyn,Brooklyn
Brownsville,Brooklyn
Bushwick,Brooklyn
Canarsie,Brooklyn
Central Harlem,Manhattan
Chelsea/Clinton,Manhattan
Concourse/Highbridge,Bronx
Coney Island,Brooklyn
Crown Heights North,Brooklyn
Crown Heights South,Brooklyn
East Flatbush,Brooklyn
East Harlem,Manhattan
East New York,Brooklyn
East Tremont,Bronx
Elmhurst/Corona,Queens
Flatbush/Midwood,Brooklyn
Flushing,Queens
Fort Greene/Brooklyn Hts,Brooklyn
Fresh Meadows/Briarwood,Queens
Greenwich Village,Manhattan
Howard Beach,Queens
Hunts Point,Bronx
Jackson Heights,Queens
Jamaica/St. Albans,Queens
Lower East Side,Manhattan
Manhattan,Manhattan
Manhattanville,Manhattan
Midtown Business District,Manhattan
Morrisania,Bronx
Mott Haven,Bronx
Murray Hill/Stuyvesant,Manhattan
New York City,Manhattan
Park Slope,Brooklyn
Pelham Parkway,Bronx
Queens,Queens
Queens Village,Queens
Rego Park/Forest Hills,Queens
Ridgewood/Glendale,Queens
Riverdale,Bronx
Sheepshead Bay,Brooklyn
South Beach,Staten Island
St. George,Staten Island
Staten Island,Staten Island
Sunnyside/Woodside,Queens
Sunset Park,Brooklyn
The Rockaways,Queens
Throgs Neck,Bronx
Tottenville,Staten Island
Unionport/Soundview,Bronx
University Heights,Bronx
Upper East Side,Manhattan
Upper West Side,Manhattan
Washington Heights,Manhattan
Williamsbridge,Bronx
Williamsburg/Greenpoint,Brooklyn
Woodhaven,Queens